DATAFLOW,LAST UPDATE,freq,airpol,nace_r2,unit,geo,TIME_PERIOD,OBS_VALUE,OBS_FLAG
ESTAT:ENV_AC_AIGG_Q(1.0),15/11/23 11:00:00,Q,GHG,A,THS_T,EU27_2020,2010-Q1,117442.351,s
ESTAT:ENV_AC_AIGG_Q(1.0),15/11/23 11:00:00,Q,GHG,A,THS_T,EU27_2020,2010-Q2,120182.728,s
ESTAT:ENV_AC_AIGG_Q(1.0),15/11/23 11:00:00,Q,GHG,A,THS_T,EU27_2020,2010-Q3,121224.023,s
ESTAT:ENV_AC_AIGG_Q(1.0),15/11/23 11:00:00,Q,GHG,A,THS_T,EU27_2020,2010-Q4,121021.692,s
ESTAT:ENV_AC_AIGG_Q(1.0),15/11/23 11:00:00,Q,GHG,A,THS_T,EU27_2020,2011-Q1,116520.311,s
ESTAT:ENV_AC_AIGG_Q(1.0),15/11/23 11:00:00,Q,GHG,A,THS_T,EU27_2020,2011-Q2,119335.072,s
ESTAT:ENV_AC_AIGG_Q(1.0),15/11/23 11:00:00,Q,GHG,A,THS_T,EU27_2020,2011-Q3,120901.549,s
ESTAT:ENV_AC_AIGG_Q(1.0),15/11/23 11:00:00,Q,GHG,A,THS_T,EU27_2020,2011-Q4,120917.564,s
ESTAT:ENV_AC_AIGG_Q(1.0),15/11/23 11:00:00,Q,GHG,A,THS_T,EU27_2020,2012-Q1,115923.134,s
ESTAT:ENV_AC_AIGG_Q(1.0),15/11/23 11:00:00,Q,GHG,A,THS_T,EU27_2020,2012-Q2,118433.302,s
ESTAT:ENV_AC_AIGG_Q(1.0),15/11/23 11:00:00,Q,GHG,A,THS_T,EU27_2020,2012-Q3,120174.928,s
ESTAT:ENV_AC_AIGG_Q(1.0),15/11/23 11:00:00,Q,GHG,A,THS_T,EU27_2020,2012-Q4,119809.618,s
ESTAT:ENV_AC_AIGG_Q(1.0),15/11/23 11:00:00,Q,GHG,A,THS_T,EU27_2020,2013-Q1,116278.964,s
ESTAT:ENV_AC_AIGG_Q(1.0),15/11/23 11:00:00,Q,GHG,A,THS_T,EU27_2020,2013-Q2,119202.282,s
ESTAT:ENV_AC_AIGG_Q(1.0),15/11/23 11:00:00,Q,GHG,A,THS_T,EU27_2020,2013-Q3,120822.306,s
ESTAT:ENV_AC_AIGG_Q(1.0),15/11/23 11:00:00,Q,GHG,A,THS_T,EU27_2020,2013-Q4,120545.262,s
ESTAT:ENV_AC_AIGG_Q(1.0),15/11/23 11:00:00,Q,GHG,A,THS_T,EU27_2020,2014-Q1,117316.293,s
ESTAT:ENV_AC_AIGG_Q(1.0),15/11/23 11:00:00,Q,GHG,A,THS_T,EU27_2020,2014-Q2,120185.62,s
ESTAT:ENV_AC_AIGG_Q(1.0),15/11/23 11:00:00,Q,GHG,A,THS_T,EU27_2020,2014-Q3,122508.346,s
ESTAT:ENV_AC_AIGG_Q(1.0),15/11/23 11:00:00,Q,GHG,A,THS_T,EU27_2020,2014-Q4,121865.644,s
ESTAT:ENV_AC_AIGG_Q(1.0),15/11/23 11:00:00,Q,GHG,A,THS_T,EU27_2020,2015-Q1,117919.595,s
ESTAT:ENV_AC_AIGG_Q(1.0),15/11/23 11:00:00,Q,GHG,A,THS_T,EU27_2020,2015-Q2,120426.093,s
ESTAT:ENV_AC_AIGG_Q(1.0),15/11/23 11:00:00,Q,GHG,A,THS_T,EU27_2020,2015-Q3,122989.742,s
ESTAT:ENV_AC_AIGG_Q(1.0),15/11/23 11:00:00,Q,GHG,A,THS_T,EU27_2020,2015-Q4,122225.962,s
ESTAT:ENV_AC_AIGG_Q(1.0),15/11/23 11:00:00,Q,GHG,A,THS_T,EU27_2020,2016-Q1,118606.222,s
ESTAT:ENV_AC_AIGG_Q(1.0),15/11/23 11:00:00,Q,GHG,A,THS_T,EU27_2020,2016-Q2,121125.907,s
ESTAT:ENV_AC_AIGG_Q(1.0),15/11/23 11:00:00,Q,GHG,A,THS_T,EU27_2020,2016-Q3,123627.285,s
ESTAT:ENV_AC_AIGG_Q(1.0),15/11/23 11:00:00,Q,GHG,A,THS_T,EU27_2020,2016-Q4,122468.573,s
ESTAT:ENV_AC_AIGG_Q(1.0),15/11/23 11:00:00,Q,GHG,A,THS_T,EU27_2020,2017-Q1,119605.604,s
ESTAT:ENV_AC_AIGG_Q(1.0),15/11/23 11:00:00,Q,GHG,A,THS_T,EU27_2020,2017-Q2,122372.97,s
ESTAT:ENV_AC_AIGG_Q(1.0),15/11/23 11:00:00,Q,GHG,A,THS_T,EU27_2020,2017-Q3,124909.343,s
ESTAT:ENV_AC_AIGG_Q(1.0),15/11/23 11:00:00,Q,GHG,A,THS_T,EU27_2020,2017-Q4,124136.047,s
ESTAT:ENV_AC_AIGG_Q(1.0),15/11/23 11:00:00,Q,GHG,A,THS_T,EU27_2020,2018-Q1,120003.335,s
ESTAT:ENV_AC_AIGG_Q(1.0),15/11/23 11:00:00,Q,GHG,A,THS_T,EU27_2020,2018-Q2,122633.051,s
ESTAT:ENV_AC_AIGG_Q(1.0),15/11/23 11:00:00,Q,GHG,A,THS_T,EU27_2020,2018-Q3,124654.164,s
ESTAT:ENV_AC_AIGG_Q(1.0),15/11/23 11:00:00,Q,GHG,A,THS_T,EU27_2020,2018-Q4,122557.162,s
ESTAT:ENV_AC_AIGG_Q(1.0),15/11/23 11:00:00,Q,GHG,A,THS_T,EU27_2020,2019-Q1,118675.479,s
ESTAT:ENV_AC_AIGG_Q(1.0),15/11/23 11:00:00,Q,GHG,A,THS_T,EU27_2020,2019-Q2,119241.798,s
ESTAT:ENV_AC_AIGG_Q(1.0),15/11/23 11:00:00,Q,GHG,A,THS_T,EU27_2020,2019-Q3,122312.982,s
ESTAT:ENV_AC_AIGG_Q(1.0),15/11/23 11:00:00,Q,GHG,A,THS_T,EU27_2020,2019-Q4,119981.751,s
ESTAT:ENV_AC_AIGG_Q(1.0),15/11/23 11:00:00,Q,GHG,A,THS_T,EU27_2020,2020-Q1,117118.91,s
ESTAT:ENV_AC_AIGG_Q(1.0),15/11/23 11:00:00,Q,GHG,A,THS_T,EU27_2020,2020-Q2,119733.788,s
ESTAT:ENV_AC_AIGG_Q(1.0),15/11/23 11:00:00,Q,GHG,A,THS_T,EU27_2020,2020-Q3,122427.359,s
ESTAT:ENV_AC_AIGG_Q(1.0),15/11/23 11:00:00,Q,GHG,A,THS_T,EU27_2020,2020-Q4,121962.191,s
ESTAT:ENV_AC_AIGG_Q(1.0),15/11/23 11:00:00,Q,GHG,A,THS_T,EU27_2020,2021-Q1,118561.864,s
ESTAT:ENV_AC_AIGG_Q(1.0),15/11/23 11:00:00,Q,GHG,A,THS_T,EU27_2020,2021-Q2,120765.04,s
ESTAT:ENV_AC_AIGG_Q(1.0),15/11/23 11:00:00,Q,GHG,A,THS_T,EU27_2020,2021-Q3,123995.027,s
ESTAT:ENV_AC_AIGG_Q(1.0),15/11/23 11:00:00,Q,GHG,A,THS_T,EU27_2020,2021-Q4,120889.736,s
ESTAT:ENV_AC_AIGG_Q(1.0),15/11/23 11:00:00,Q,GHG,A,THS_T,EU27_2020,2022-Q1,117306.113,s
ESTAT:ENV_AC_AIGG_Q(1.0),15/11/23 11:00:00,Q,GHG,A,THS_T,EU27_2020,2022-Q2,118309.214,s
ESTAT:ENV_AC_AIGG_Q(1.0),15/11/23 11:00:00,Q,GHG,A,THS_T,EU27_2020,2022-Q3,121138.158,s
ESTAT:ENV_AC_AIGG_Q(1.0),15/11/23 11:00:00,Q,GHG,A,THS_T,EU27_2020,2022-Q4,118179.341,s
ESTAT:ENV_AC_AIGG_Q(1.0),15/11/23 11:00:00,Q,GHG,A,THS_T,EU27_2020,2023-Q1,115752.207,s
ESTAT:ENV_AC_AIGG_Q(1.0),15/11/23 11:00:00,Q,GHG,A,THS_T,EU27_2020,2023-Q2,117219.598,s
ESTAT:ENV_AC_AIGG_Q(1.0),15/11/23 11:00:00,Q,GHG,B,THS_T,EU27_2020,2010-Q1,18736.528,s
ESTAT:ENV_AC_AIGG_Q(1.0),15/11/23 11:00:00,Q,GHG,B,THS_T,EU27_2020,2010-Q2,19915.306,s
ESTAT:ENV_AC_AIGG_Q(1.0),15/11/23 11:00:00,Q,GHG,B,THS_T,EU27_2020,2010-Q3,19948.95,s
ESTAT:ENV_AC_AIGG_Q(1.0),15/11/23 11:00:00,Q,GHG,B,THS_T,EU27_2020,2010-Q4,21837.888,s
ESTAT:ENV_AC_AIGG_Q(1.0),15/11/23 11:00:00,Q,GHG,B,THS_T,EU27_2020,2011-Q1,19063.495,s
ESTAT:ENV_AC_AIGG_Q(1.0),15/11/23 11:00:00,Q,GHG,B,THS_T,EU27_2020,2011-Q2,19929.848,s
ESTAT:ENV_AC_AIGG_Q(1.0),15/11/23 11:00:00,Q,GHG,B,THS_T,EU27_2020,2011-Q3,19676.39,s
ESTAT:ENV_AC_AIGG_Q(1.0),15/11/23 11:00:00,Q,GHG,B,THS_T,EU27_2020,2011-Q4,20692.749,s
ESTAT:ENV_AC_AIGG_Q(1.0),15/11/23 11:00:00,Q,GHG,B,THS_T,EU27_2020,2012-Q1,17639.936,s
ESTAT:ENV_AC_AIGG_Q(1.0),15/11/23 11:00:00,Q,GHG,B,THS_T,EU27_2020,2012-Q2,18013.925,s
ESTAT:ENV_AC_AIGG_Q(1.0),15/11/23 11:00:00,Q,GHG,B,THS_T,EU27_2020,2012-Q3,17775.04,s
ESTAT:ENV_AC_AIGG_Q(1.0),15/11/23 11:00:00,Q,GHG,B,THS_T,EU27_2020,2012-Q4,19052.867,s
ESTAT:ENV_AC_AIGG_Q(1.0),15/11/23 11:00:00,Q,GHG,B,THS_T,EU27_2020,2013-Q1,16408.127,s
ESTAT:ENV_AC_AIGG_Q(1.0),15/11/23 11:00:00,Q,GHG,B,THS_T,EU27_2020,2013-Q2,17390.53,s
ESTAT:ENV_AC_AIGG_Q(1.0),15/11/23 11:00:00,Q,GHG,B,THS_T,EU27_2020,2013-Q3,17393.08,s
ESTAT:ENV_AC_AIGG_Q(1.0),15/11/23 11:00:00,Q,GHG,B,THS_T,EU27_2020,2013-Q4,18576.161,s
ESTAT:ENV_AC_AIGG_Q(1.0),15/11/23 11:00:00,Q,GHG,B,THS_T,EU27_2020,2014-Q1,15955.961,s
ESTAT:ENV_AC_AIGG_Q(1.0),15/11/23 11:00:00,Q,GHG,B,THS_T,EU27_2020,2014-Q2,16502.404,s
ESTAT:ENV_AC_AIGG_Q(1.0),15/11/23 11:00:00,Q,GHG,B,THS_T,EU27_2020,2014-Q3,16481.217,s
ESTAT:ENV_AC_AIGG_Q(1.0),15/11/23 11:00:00,Q,GHG,B,THS_T,EU27_2020,2014-Q4,17869.21,s
ESTAT:ENV_AC_AIGG_Q(1.0),15/11/23 11:00:00,Q,GHG,B,THS_T,EU27_2020,2015-Q1,15675.515,s
ESTAT:ENV_AC_AIGG_Q(1.0),15/11/23 11:00:00,Q,GHG,B,THS_T,EU27_2020,2015-Q2,16570.076,s
ESTAT:ENV_AC_AIGG_Q(1.0),15/11/23 11:00:00,Q,GHG,B,THS_T,EU27_2020,2015-Q3,16665.689,s
ESTAT:ENV_AC_AIGG_Q(1.0),15/11/23 11:00:00,Q,GHG,B,THS_T,EU27_2020,2015-Q4,18028.274,s
ESTAT:ENV_AC_AIGG_Q(1.0),15/11/23 11:00:00,Q,GHG,B,THS_T,EU27_2020,2016-Q1,15159.487,s
ESTAT:ENV_AC_AIGG_Q(1.0),15/11/23 11:00:00,Q,GHG,B,THS_T,EU27_2020,2016-Q2,15872.927,s
ESTAT:ENV_AC_AIGG_Q(1.0),15/11/23 11:00:00,Q,GHG,B,THS_T,EU27_2020,2016-Q3,15627.279,s
ESTAT:ENV_AC_AIGG_Q(1.0),15/11/23 11:00:00,Q,GHG,B,THS_T,EU27_2020,2016-Q4,17109.185,s
ESTAT:ENV_AC_AIGG_Q(1.0),15/11/23 11:00:00,Q,GHG,B,THS_T,EU27_2020,2017-Q1,14888.294,s
ESTAT:ENV_AC_AIGG_Q(1.0),15/11/23 11:00:00,Q,GHG,B,THS_T,EU27_2020,2017-Q2,15499.587,s
ESTAT:ENV_AC_AIGG_Q(1.0),15/11/23 11:00:00,Q,GHG,B,THS_T,EU27_2020,2017-Q3,15469.013,s
ESTAT:ENV_AC_AIGG_Q(1.0),15/11/23 11:00:00,Q,GHG,B,THS_T,EU27_2020,2017-Q4,16858.134,s
ESTAT:ENV_AC_AIGG_Q(1.0),15/11/23 11:00:00,Q,GHG,B,THS_T,EU27_2020,2018-Q1,14654.024,s
ESTAT:ENV_AC_AIGG_Q(1.0),15/11/23 11:00:00,Q,GHG,B,THS_T,EU27_2020,2018-Q2,15173.973,s
ESTAT:ENV_AC_AIGG_Q(1.0),15/11/23 11:00:00,Q,GHG,B,THS_T,EU27_2020,2018-Q3,14844.29,s
ESTAT:ENV_AC_AIGG_Q(1.0),15/11/23 11:00:00,Q,GHG,B,THS_T,EU27_2020,2018-Q4,15910.637,s
ESTAT:ENV_AC_AIGG_Q(1.0),15/11/23 11:00:00,Q,GHG,B,THS_T,EU27_2020,2019-Q1,13485.426,s
ESTAT:ENV_AC_AIGG_Q(1.0),15/11/23 11:00:00,Q,GHG,B,THS_T,EU27_2020,2019-Q2,13727.497,s
ESTAT:ENV_AC_AIGG_Q(1.0),15/11/23 11:00:00,Q,GHG,B,THS_T,EU27_2020,2019-Q3,13597.551,s
ESTAT:ENV_AC_AIGG_Q(1.0),15/11/23 11:00:00,Q,GHG,B,THS_T,EU27_2020,2019-Q4,14845.633,s
ESTAT:ENV_AC_AIGG_Q(1.0),15/11/23 11:00:00,Q,GHG,B,THS_T,EU27_2020,2020-Q1,12747.552,s
ESTAT:ENV_AC_AIGG_Q(1.0),15/11/23 11:00:00,Q,GHG,B,THS_T,EU27_2020,2020-Q2,11825.143,s
ESTAT:ENV_AC_AIGG_Q(1.0),15/11/23 11:00:00,Q,GHG,B,THS_T,EU27_2020,2020-Q3,12962.408,s
ESTAT:ENV_AC_AIGG_Q(1.0),15/11/23 11:00:00,Q,GHG,B,THS_T,EU27_2020,2020-Q4,14454.518,s
ESTAT:ENV_AC_AIGG_Q(1.0),15/11/23 11:00:00,Q,GHG,B,THS_T,EU27_2020,2021-Q1,12340.142,s
ESTAT:ENV_AC_AIGG_Q(1.0),15/11/23 11:00:00,Q,GHG,B,THS_T,EU27_2020,2021-Q2,12792.376,s
ESTAT:ENV_AC_AIGG_Q(1.0),15/11/23 11:00:00,Q,GHG,B,THS_T,EU27_2020,2021-Q3,12809.265,s
ESTAT:ENV_AC_AIGG_Q(1.0),15/11/23 11:00:00,Q,GHG,B,THS_T,EU27_2020,2021-Q4,14428.07,s
ESTAT:ENV_AC_AIGG_Q(1.0),15/11/23 11:00:00,Q,GHG,B,THS_T,EU27_2020,2022-Q1,12582.196,s
ESTAT:ENV_AC_AIGG_Q(1.0),15/11/23 11:00:00,Q,GHG,B,THS_T,EU27_2020,2022-Q2,13058.336,s
ESTAT:ENV_AC_AIGG_Q(1.0),15/11/23 11:00:00,Q,GHG,B,THS_T,EU27_2020,2022-Q3,13188.49,s
ESTAT:ENV_AC_AIGG_Q(1.0),15/11/23 11:00:00,Q,GHG,B,THS_T,EU27_2020,2022-Q4,14625.169,s
ESTAT:ENV_AC_AIGG_Q(1.0),15/11/23 11:00:00,Q,GHG,B,THS_T,EU27_2020,2023-Q1,12658.432,s
ESTAT:ENV_AC_AIGG_Q(1.0),15/11/23 11:00:00,Q,GHG,B,THS_T,EU27_2020,2023-Q2,12931.952,s
ESTAT:ENV_AC_AIGG_Q(1.0),15/11/23 11:00:00,Q,GHG,C,THS_T,EU27_2020,2010-Q1,213889.745,s
ESTAT:ENV_AC_AIGG_Q(1.0),15/11/23 11:00:00,Q,GHG,C,THS_T,EU27_2020,2010-Q2,236669.825,s
ESTAT:ENV_AC_AIGG_Q(1.0),15/11/23 11:00:00,Q,GHG,C,THS_T,EU27_2020,2010-Q3,226039.865,s
ESTAT:ENV_AC_AIGG_Q(1.0),15/11/23 11:00:00,Q,GHG,C,THS_T,EU27_2020,2010-Q4,233373.582,s
ESTAT:ENV_AC_AIGG_Q(1.0),15/11/23 11:00:00,Q,GHG,C,THS_T,EU27_2020,2011-Q1,218374.084,s
ESTAT:ENV_AC_AIGG_Q(1.0),15/11/23 11:00:00,Q,GHG,C,THS_T,EU27_2020,2011-Q2,229495.722,s
ESTAT:ENV_AC_AIGG_Q(1.0),15/11/23 11:00:00,Q,GHG,C,THS_T,EU27_2020,2011-Q3,218381.551,s
ESTAT:ENV_AC_AIGG_Q(1.0),15/11/23 11:00:00,Q,GHG,C,THS_T,EU27_2020,2011-Q4,222913.31,s
ESTAT:ENV_AC_AIGG_Q(1.0),15/11/23 11:00:00,Q,GHG,C,THS_T,EU27_2020,2012-Q1,208871.633,s
ESTAT:ENV_AC_AIGG_Q(1.0),15/11/23 11:00:00,Q,GHG,C,THS_T,EU27_2020,2012-Q2,220362.425,s
ESTAT:ENV_AC_AIGG_Q(1.0),15/11/23 11:00:00,Q,GHG,C,THS_T,EU27_2020,2012-Q3,211922.388,s
ESTAT:ENV_AC_AIGG_Q(1.0),15/11/23 11:00:00,Q,GHG,C,THS_T,EU27_2020,2012-Q4,215207.811,s
ESTAT:ENV_AC_AIGG_Q(1.0),15/11/23 11:00:00,Q,GHG,C,THS_T,EU27_2020,2013-Q1,196707.695,s
ESTAT:ENV_AC_AIGG_Q(1.0),15/11/23 11:00:00,Q,GHG,C,THS_T,EU27_2020,2013-Q2,213379.814,s
ESTAT:ENV_AC_AIGG_Q(1.0),15/11/23 11:00:00,Q,GHG,C,THS_T,EU27_2020,2013-Q3,206899.287,s
ESTAT:ENV_AC_AIGG_Q(1.0),15/11/23 11:00:00,Q,GHG,C,THS_T,EU27_2020,2013-Q4,211567.291,s
ESTAT:ENV_AC_AIGG_Q(1.0),15/11/23 11:00:00,Q,GHG,C,THS_T,EU27_2020,2014-Q1,198850.666,s
ESTAT:ENV_AC_AIGG_Q(1.0),15/11/23 11:00:00,Q,GHG,C,THS_T,EU27_2020,2014-Q2,208849.822,s
ESTAT:ENV_AC_AIGG_Q(1.0),15/11/23 11:00:00,Q,GHG,C,THS_T,EU27_2020,2014-Q3,201704.134,s
ESTAT:ENV_AC_AIGG_Q(1.0),15/11/23 11:00:00,Q,GHG,C,THS_T,EU27_2020,2014-Q4,207906.773,s
ESTAT:ENV_AC_AIGG_Q(1.0),15/11/23 11:00:00,Q,GHG,C,THS_T,EU27_2020,2015-Q1,196663.636,s
ESTAT:ENV_AC_AIGG_Q(1.0),15/11/23 11:00:00,Q,GHG,C,THS_T,EU27_2020,2015-Q2,210603.694,s
ESTAT:ENV_AC_AIGG_Q(1.0),15/11/23 11:00:00,Q,GHG,C,THS_T,EU27_2020,2015-Q3,203561.436,s
ESTAT:ENV_AC_AIGG_Q(1.0),15/11/23 11:00:00,Q,GHG,C,THS_T,EU27_2020,2015-Q4,210238.21,s
ESTAT:ENV_AC_AIGG_Q(1.0),15/11/23 11:00:00,Q,GHG,C,THS_T,EU27_2020,2016-Q1,197521.249,s
ESTAT:ENV_AC_AIGG_Q(1.0),15/11/23 11:00:00,Q,GHG,C,THS_T,EU27_2020,2016-Q2,213276.244,s
ESTAT:ENV_AC_AIGG_Q(1.0),15/11/23 11:00:00,Q,GHG,C,THS_T,EU27_2020,2016-Q3,202685.111,s
ESTAT:ENV_AC_AIGG_Q(1.0),15/11/23 11:00:00,Q,GHG,C,THS_T,EU27_2020,2016-Q4,210540.87,s
ESTAT:ENV_AC_AIGG_Q(1.0),15/11/23 11:00:00,Q,GHG,C,THS_T,EU27_2020,2017-Q1,203281.474,s
ESTAT:ENV_AC_AIGG_Q(1.0),15/11/23 11:00:00,Q,GHG,C,THS_T,EU27_2020,2017-Q2,214385.922,s
ESTAT:ENV_AC_AIGG_Q(1.0),15/11/23 11:00:00,Q,GHG,C,THS_T,EU27_2020,2017-Q3,207221.269,s
ESTAT:ENV_AC_AIGG_Q(1.0),15/11/23 11:00:00,Q,GHG,C,THS_T,EU27_2020,2017-Q4,215958.604,s
ESTAT:ENV_AC_AIGG_Q(1.0),15/11/23 11:00:00,Q,GHG,C,THS_T,EU27_2020,2018-Q1,203874.432,s
ESTAT:ENV_AC_AIGG_Q(1.0),15/11/23 11:00:00,Q,GHG,C,THS_T,EU27_2020,2018-Q2,216737.386,s
ESTAT:ENV_AC_AIGG_Q(1.0),15/11/23 11:00:00,Q,GHG,C,THS_T,EU27_2020,2018-Q3,205545.855,s
ESTAT:ENV_AC_AIGG_Q(1.0),15/11/23 11:00:00,Q,GHG,C,THS_T,EU27_2020,2018-Q4,213260.637,s
ESTAT:ENV_AC_AIGG_Q(1.0),15/11/23 11:00:00,Q,GHG,C,THS_T,EU27_2020,2019-Q1,202381.159,s
ESTAT:ENV_AC_AIGG_Q(1.0),15/11/23 11:00:00,Q,GHG,C,THS_T,EU27_2020,2019-Q2,208499.306,s
ESTAT:ENV_AC_AIGG_Q(1.0),15/11/23 11:00:00,Q,GHG,C,THS_T,EU27_2020,2019-Q3,200795.799,s
ESTAT:ENV_AC_AIGG_Q(1.0),15/11/23 11:00:00,Q,GHG,C,THS_T,EU27_2020,2019-Q4,206034.741,s
ESTAT:ENV_AC_AIGG_Q(1.0),15/11/23 11:00:00,Q,GHG,C,THS_T,EU27_2020,2020-Q1,192347.961,s
ESTAT:ENV_AC_AIGG_Q(1.0),15/11/23 11:00:00,Q,GHG,C,THS_T,EU27_2020,2020-Q2,169202.524,s
ESTAT:ENV_AC_AIGG_Q(1.0),15/11/23 11:00:00,Q,GHG,C,THS_T,EU27_2020,2020-Q3,190511.967,s
ESTAT:ENV_AC_AIGG_Q(1.0),15/11/23 11:00:00,Q,GHG,C,THS_T,EU27_2020,2020-Q4,205796.239,s
ESTAT:ENV_AC_AIGG_Q(1.0),15/11/23 11:00:00,Q,GHG,C,THS_T,EU27_2020,2021-Q1,193319.532,s
ESTAT:ENV_AC_AIGG_Q(1.0),15/11/23 11:00:00,Q,GHG,C,THS_T,EU27_2020,2021-Q2,204572.8,s
ESTAT:ENV_AC_AIGG_Q(1.0),15/11/23 11:00:00,Q,GHG,C,THS_T,EU27_2020,2021-Q3,194816.867,s
ESTAT:ENV_AC_AIGG_Q(1.0),15/11/23 11:00:00,Q,GHG,C,THS_T,EU27_2020,2021-Q4,205972.362,s
ESTAT:ENV_AC_AIGG_Q(1.0),15/11/23 11:00:00,Q,GHG,C,THS_T,EU27_2020,2022-Q1,196093.159,s
ESTAT:ENV_AC_AIGG_Q(1.0),15/11/23 11:00:00,Q,GHG,C,THS_T,EU27_2020,2022-Q2,203724.85,s
ESTAT:ENV_AC_AIGG_Q(1.0),15/11/23 11:00:00,Q,GHG,C,THS_T,EU27_2020,2022-Q3,192006.701,s
ESTAT:ENV_AC_AIGG_Q(1.0),15/11/23 11:00:00,Q,GHG,C,THS_T,EU27_2020,2022-Q4,199369.426,s
ESTAT:ENV_AC_AIGG_Q(1.0),15/11/23 11:00:00,Q,GHG,C,THS_T,EU27_2020,2023-Q1,190220.952,s
ESTAT:ENV_AC_AIGG_Q(1.0),15/11/23 11:00:00,Q,GHG,C,THS_T,EU27_2020,2023-Q2,192786.465,s
ESTAT:ENV_AC_AIGG_Q(1.0),15/11/23 11:00:00,Q,GHG,D,THS_T,EU27_2020,2010-Q1,310754.587,s
ESTAT:ENV_AC_AIGG_Q(1.0),15/11/23 11:00:00,Q,GHG,D,THS_T,EU27_2020,2010-Q2,243822.875,s
ESTAT:ENV_AC_AIGG_Q(1.0),15/11/23 11:00:00,Q,GHG,D,THS_T,EU27_2020,2010-Q3,254269.405,s
ESTAT:ENV_AC_AIGG_Q(1.0),15/11/23 11:00:00,Q,GHG,D,THS_T,EU27_2020,2010-Q4,307084.091,s
ESTAT:ENV_AC_AIGG_Q(1.0),15/11/23 11:00:00,Q,GHG,D,THS_T,EU27_2020,2011-Q1,305615.104,s
ESTAT:ENV_AC_AIGG_Q(1.0),15/11/23 11:00:00,Q,GHG,D,THS_T,EU27_2020,2011-Q2,251206.93,s
ESTAT:ENV_AC_AIGG_Q(1.0),15/11/23 11:00:00,Q,GHG,D,THS_T,EU27_2020,2011-Q3,256063.96,s
ESTAT:ENV_AC_AIGG_Q(1.0),15/11/23 11:00:00,Q,GHG,D,THS_T,EU27_2020,2011-Q4,298605.345,s
ESTAT:ENV_AC_AIGG_Q(1.0),15/11/23 11:00:00,Q,GHG,D,THS_T,EU27_2020,2012-Q1,315845.394,s
ESTAT:ENV_AC_AIGG_Q(1.0),15/11/23 11:00:00,Q,GHG,D,THS_T,EU27_2020,2012-Q2,243745.123,s
ESTAT:ENV_AC_AIGG_Q(1.0),15/11/23 11:00:00,Q,GHG,D,THS_T,EU27_2020,2012-Q3,255613.37,s
ESTAT:ENV_AC_AIGG_Q(1.0),15/11/23 11:00:00,Q,GHG,D,THS_T,EU27_2020,2012-Q4,287737.297,s
ESTAT:ENV_AC_AIGG_Q(1.0),15/11/23 11:00:00,Q,GHG,D,THS_T,EU27_2020,2013-Q1,296574.018,s
ESTAT:ENV_AC_AIGG_Q(1.0),15/11/23 11:00:00,Q,GHG,D,THS_T,EU27_2020,2013-Q2,223108.963,s
ESTAT:ENV_AC_AIGG_Q(1.0),15/11/23 11:00:00,Q,GHG,D,THS_T,EU27_2020,2013-Q3,245695.723,s
ESTAT:ENV_AC_AIGG_Q(1.0),15/11/23 11:00:00,Q,GHG,D,THS_T,EU27_2020,2013-Q4,279309.86,s
ESTAT:ENV_AC_AIGG_Q(1.0),15/11/23 11:00:00,Q,GHG,D,THS_T,EU27_2020,2014-Q1,259986.799,s
ESTAT:ENV_AC_AIGG_Q(1.0),15/11/23 11:00:00,Q,GHG,D,THS_T,EU27_2020,2014-Q2,220356.146,s
ESTAT:ENV_AC_AIGG_Q(1.0),15/11/23 11:00:00,Q,GHG,D,THS_T,EU27_2020,2014-Q3,235441.019,s
ESTAT:ENV_AC_AIGG_Q(1.0),15/11/23 11:00:00,Q,GHG,D,THS_T,EU27_2020,2014-Q4,269255.995,s
ESTAT:ENV_AC_AIGG_Q(1.0),15/11/23 11:00:00,Q,GHG,D,THS_T,EU27_2020,2015-Q1,269740.101,s
ESTAT:ENV_AC_AIGG_Q(1.0),15/11/23 11:00:00,Q,GHG,D,THS_T,EU27_2020,2015-Q2,210710.015,s
ESTAT:ENV_AC_AIGG_Q(1.0),15/11/23 11:00:00,Q,GHG,D,THS_T,EU27_2020,2015-Q3,242669.292,s
ESTAT:ENV_AC_AIGG_Q(1.0),15/11/23 11:00:00,Q,GHG,D,THS_T,EU27_2020,2015-Q4,266159.807,s
ESTAT:ENV_AC_AIGG_Q(1.0),15/11/23 11:00:00,Q,GHG,D,THS_T,EU27_2020,2016-Q1,256707.636,s
ESTAT:ENV_AC_AIGG_Q(1.0),15/11/23 11:00:00,Q,GHG,D,THS_T,EU27_2020,2016-Q2,206959.117,s
ESTAT:ENV_AC_AIGG_Q(1.0),15/11/23 11:00:00,Q,GHG,D,THS_T,EU27_2020,2016-Q3,227855.193,s
ESTAT:ENV_AC_AIGG_Q(1.0),15/11/23 11:00:00,Q,GHG,D,THS_T,EU27_2020,2016-Q4,276225.444,s
ESTAT:ENV_AC_AIGG_Q(1.0),15/11/23 11:00:00,Q,GHG,D,THS_T,EU27_2020,2017-Q1,277573.955,s
ESTAT:ENV_AC_AIGG_Q(1.0),15/11/23 11:00:00,Q,GHG,D,THS_T,EU27_2020,2017-Q2,215096.149,s
ESTAT:ENV_AC_AIGG_Q(1.0),15/11/23 11:00:00,Q,GHG,D,THS_T,EU27_2020,2017-Q3,221316.026,s
ESTAT:ENV_AC_AIGG_Q(1.0),15/11/23 11:00:00,Q,GHG,D,THS_T,EU27_2020,2017-Q4,249942.034,s
ESTAT:ENV_AC_AIGG_Q(1.0),15/11/23 11:00:00,Q,GHG,D,THS_T,EU27_2020,2018-Q1,248242.334,s
ESTAT:ENV_AC_AIGG_Q(1.0),15/11/23 11:00:00,Q,GHG,D,THS_T,EU27_2020,2018-Q2,191289.179,s
ESTAT:ENV_AC_AIGG_Q(1.0),15/11/23 11:00:00,Q,GHG,D,THS_T,EU27_2020,2018-Q3,222661.54,s
ESTAT:ENV_AC_AIGG_Q(1.0),15/11/23 11:00:00,Q,GHG,D,THS_T,EU27_2020,2018-Q4,241070.811,s
ESTAT:ENV_AC_AIGG_Q(1.0),15/11/23 11:00:00,Q,GHG,D,THS_T,EU27_2020,2019-Q1,225168.895,s
ESTAT:ENV_AC_AIGG_Q(1.0),15/11/23 11:00:00,Q,GHG,D,THS_T,EU27_2020,2019-Q2,173518.397,s
ESTAT:ENV_AC_AIGG_Q(1.0),15/11/23 11:00:00,Q,GHG,D,THS_T,EU27_2020,2019-Q3,184441.768,s
ESTAT:ENV_AC_AIGG_Q(1.0),15/11/23 11:00:00,Q,GHG,D,THS_T,EU27_2020,2019-Q4,199618.187,s
ESTAT:ENV_AC_AIGG_Q(1.0),15/11/23 11:00:00,Q,GHG,D,THS_T,EU27_2020,2020-Q1,180128.535,s
ESTAT:ENV_AC_AIGG_Q(1.0),15/11/23 11:00:00,Q,GHG,D,THS_T,EU27_2020,2020-Q2,133638.756,s
ESTAT:ENV_AC_AIGG_Q(1.0),15/11/23 11:00:00,Q,GHG,D,THS_T,EU27_2020,2020-Q3,168049.356,s
ESTAT:ENV_AC_AIGG_Q(1.0),15/11/23 11:00:00,Q,GHG,D,THS_T,EU27_2020,2020-Q4,189158.513,s
ESTAT:ENV_AC_AIGG_Q(1.0),15/11/23 11:00:00,Q,GHG,D,THS_T,EU27_2020,2021-Q1,191174.301,s
ESTAT:ENV_AC_AIGG_Q(1.0),15/11/23 11:00:00,Q,GHG,D,THS_T,EU27_2020,2021-Q2,154201.862,s
ESTAT:ENV_AC_AIGG_Q(1.0),15/11/23 11:00:00,Q,GHG,D,THS_T,EU27_2020,2021-Q3,168548.457,s
ESTAT:ENV_AC_AIGG_Q(1.0),15/11/23 11:00:00,Q,GHG,D,THS_T,EU27_2020,2021-Q4,206713.534,s
ESTAT:ENV_AC_AIGG_Q(1.0),15/11/23 11:00:00,Q,GHG,D,THS_T,EU27_2020,2022-Q1,200051.225,s
ESTAT:ENV_AC_AIGG_Q(1.0),15/11/23 11:00:00,Q,GHG,D,THS_T,EU27_2020,2022-Q2,163399.086,s
ESTAT:ENV_AC_AIGG_Q(1.0),15/11/23 11:00:00,Q,GHG,D,THS_T,EU27_2020,2022-Q3,177067.065,s
ESTAT:ENV_AC_AIGG_Q(1.0),15/11/23 11:00:00,Q,GHG,D,THS_T,EU27_2020,2022-Q4,186722.483,s
ESTAT:ENV_AC_AIGG_Q(1.0),15/11/23 11:00:00,Q,GHG,D,THS_T,EU27_2020,2023-Q1,175322.05,s
ESTAT:ENV_AC_AIGG_Q(1.0),15/11/23 11:00:00,Q,GHG,D,THS_T,EU27_2020,2023-Q2,127437.939,s
ESTAT:ENV_AC_AIGG_Q(1.0),15/11/23 11:00:00,Q,GHG,E,THS_T,EU27_2020,2010-Q1,45299.266,s
ESTAT:ENV_AC_AIGG_Q(1.0),15/11/23 11:00:00,Q,GHG,E,THS_T,EU27_2020,2010-Q2,45716.625,s
ESTAT:ENV_AC_AIGG_Q(1.0),15/11/23 11:00:00,Q,GHG,E,THS_T,EU27_2020,2010-Q3,45164.899,s
ESTAT:ENV_AC_AIGG_Q(1.0),15/11/23 11:00:00,Q,GHG,E,THS_T,EU27_2020,2010-Q4,45559.785,s
ESTAT:ENV_AC_AIGG_Q(1.0),15/11/23 11:00:00,Q,GHG,E,THS_T,EU27_2020,2011-Q1,44349.28,s
ESTAT:ENV_AC_AIGG_Q(1.0),15/11/23 11:00:00,Q,GHG,E,THS_T,EU27_2020,2011-Q2,44343.506,s
ESTAT:ENV_AC_AIGG_Q(1.0),15/11/23 11:00:00,Q,GHG,E,THS_T,EU27_2020,2011-Q3,43847.799,s
ESTAT:ENV_AC_AIGG_Q(1.0),15/11/23 11:00:00,Q,GHG,E,THS_T,EU27_2020,2011-Q4,44415.05,s
ESTAT:ENV_AC_AIGG_Q(1.0),15/11/23 11:00:00,Q,GHG,E,THS_T,EU27_2020,2012-Q1,43944.045,s
ESTAT:ENV_AC_AIGG_Q(1.0),15/11/23 11:00:00,Q,GHG,E,THS_T,EU27_2020,2012-Q2,44238.202,s
ESTAT:ENV_AC_AIGG_Q(1.0),15/11/23 11:00:00,Q,GHG,E,THS_T,EU27_2020,2012-Q3,43958.937,s
ESTAT:ENV_AC_AIGG_Q(1.0),15/11/23 11:00:00,Q,GHG,E,THS_T,EU27_2020,2012-Q4,44454.08,s
ESTAT:ENV_AC_AIGG_Q(1.0),15/11/23 11:00:00,Q,GHG,E,THS_T,EU27_2020,2013-Q1,43370.646,s
ESTAT:ENV_AC_AIGG_Q(1.0),15/11/23 11:00:00,Q,GHG,E,THS_T,EU27_2020,2013-Q2,43591.397,s
ESTAT:ENV_AC_AIGG_Q(1.0),15/11/23 11:00:00,Q,GHG,E,THS_T,EU27_2020,2013-Q3,42976.546,s
ESTAT:ENV_AC_AIGG_Q(1.0),15/11/23 11:00:00,Q,GHG,E,THS_T,EU27_2020,2013-Q4,43053.044,s
ESTAT:ENV_AC_AIGG_Q(1.0),15/11/23 11:00:00,Q,GHG,E,THS_T,EU27_2020,2014-Q1,41677.437,s
ESTAT:ENV_AC_AIGG_Q(1.0),15/11/23 11:00:00,Q,GHG,E,THS_T,EU27_2020,2014-Q2,41467.877,s
ESTAT:ENV_AC_AIGG_Q(1.0),15/11/23 11:00:00,Q,GHG,E,THS_T,EU27_2020,2014-Q3,40891.515,s
ESTAT:ENV_AC_AIGG_Q(1.0),15/11/23 11:00:00,Q,GHG,E,THS_T,EU27_2020,2014-Q4,41269.48,s
ESTAT:ENV_AC_AIGG_Q(1.0),15/11/23 11:00:00,Q,GHG,E,THS_T,EU27_2020,2015-Q1,40620.32,s
ESTAT:ENV_AC_AIGG_Q(1.0),15/11/23 11:00:00,Q,GHG,E,THS_T,EU27_2020,2015-Q2,40911.15,s
ESTAT:ENV_AC_AIGG_Q(1.0),15/11/23 11:00:00,Q,GHG,E,THS_T,EU27_2020,2015-Q3,40614.575,s
ESTAT:ENV_AC_AIGG_Q(1.0),15/11/23 11:00:00,Q,GHG,E,THS_T,EU27_2020,2015-Q4,41180.16,s
ESTAT:ENV_AC_AIGG_Q(1.0),15/11/23 11:00:00,Q,GHG,E,THS_T,EU27_2020,2016-Q1,40344.01,s
ESTAT:ENV_AC_AIGG_Q(1.0),15/11/23 11:00:00,Q,GHG,E,THS_T,EU27_2020,2016-Q2,40735.421,s
ESTAT:ENV_AC_AIGG_Q(1.0),15/11/23 11:00:00,Q,GHG,E,THS_T,EU27_2020,2016-Q3,40273.673,s
ESTAT:ENV_AC_AIGG_Q(1.0),15/11/23 11:00:00,Q,GHG,E,THS_T,EU27_2020,2016-Q4,40977.699,s
ESTAT:ENV_AC_AIGG_Q(1.0),15/11/23 11:00:00,Q,GHG,E,THS_T,EU27_2020,2017-Q1,40336.068,s
ESTAT:ENV_AC_AIGG_Q(1.0),15/11/23 11:00:00,Q,GHG,E,THS_T,EU27_2020,2017-Q2,40562.842,s
ESTAT:ENV_AC_AIGG_Q(1.0),15/11/23 11:00:00,Q,GHG,E,THS_T,EU27_2020,2017-Q3,40243.493,s
ESTAT:ENV_AC_AIGG_Q(1.0),15/11/23 11:00:00,Q,GHG,E,THS_T,EU27_2020,2017-Q4,40947.421,s
ESTAT:ENV_AC_AIGG_Q(1.0),15/11/23 11:00:00,Q,GHG,E,THS_T,EU27_2020,2018-Q1,40089.56,s
ESTAT:ENV_AC_AIGG_Q(1.0),15/11/23 11:00:00,Q,GHG,E,THS_T,EU27_2020,2018-Q2,40313.259,s
ESTAT:ENV_AC_AIGG_Q(1.0),15/11/23 11:00:00,Q,GHG,E,THS_T,EU27_2020,2018-Q3,39830.518,s
ESTAT:ENV_AC_AIGG_Q(1.0),15/11/23 11:00:00,Q,GHG,E,THS_T,EU27_2020,2018-Q4,40457.723,s
ESTAT:ENV_AC_AIGG_Q(1.0),15/11/23 11:00:00,Q,GHG,E,THS_T,EU27_2020,2019-Q1,39702.02,s
ESTAT:ENV_AC_AIGG_Q(1.0),15/11/23 11:00:00,Q,GHG,E,THS_T,EU27_2020,2019-Q2,39702.162,s
ESTAT:ENV_AC_AIGG_Q(1.0),15/11/23 11:00:00,Q,GHG,E,THS_T,EU27_2020,2019-Q3,39627.286,s
ESTAT:ENV_AC_AIGG_Q(1.0),15/11/23 11:00:00,Q,GHG,E,THS_T,EU27_2020,2019-Q4,40375.911,s
ESTAT:ENV_AC_AIGG_Q(1.0),15/11/23 11:00:00,Q,GHG,E,THS_T,EU27_2020,2020-Q1,39407.664,s
ESTAT:ENV_AC_AIGG_Q(1.0),15/11/23 11:00:00,Q,GHG,E,THS_T,EU27_2020,2020-Q2,37904.818,s
ESTAT:ENV_AC_AIGG_Q(1.0),15/11/23 11:00:00,Q,GHG,E,THS_T,EU27_2020,2020-Q3,39208.321,s
ESTAT:ENV_AC_AIGG_Q(1.0),15/11/23 11:00:00,Q,GHG,E,THS_T,EU27_2020,2020-Q4,40106.862,s
ESTAT:ENV_AC_AIGG_Q(1.0),15/11/23 11:00:00,Q,GHG,E,THS_T,EU27_2020,2021-Q1,38876.739,s
ESTAT:ENV_AC_AIGG_Q(1.0),15/11/23 11:00:00,Q,GHG,E,THS_T,EU27_2020,2021-Q2,38891.227,s
ESTAT:ENV_AC_AIGG_Q(1.0),15/11/23 11:00:00,Q,GHG,E,THS_T,EU27_2020,2021-Q3,38461.578,s
ESTAT:ENV_AC_AIGG_Q(1.0),15/11/23 11:00:00,Q,GHG,E,THS_T,EU27_2020,2021-Q4,39269.112,s
ESTAT:ENV_AC_AIGG_Q(1.0),15/11/23 11:00:00,Q,GHG,E,THS_T,EU27_2020,2022-Q1,38494.923,s
ESTAT:ENV_AC_AIGG_Q(1.0),15/11/23 11:00:00,Q,GHG,E,THS_T,EU27_2020,2022-Q2,38697.04,s
ESTAT:ENV_AC_AIGG_Q(1.0),15/11/23 11:00:00,Q,GHG,E,THS_T,EU27_2020,2022-Q3,38332.817,s
ESTAT:ENV_AC_AIGG_Q(1.0),15/11/23 11:00:00,Q,GHG,E,THS_T,EU27_2020,2022-Q4,39100.23,s
ESTAT:ENV_AC_AIGG_Q(1.0),15/11/23 11:00:00,Q,GHG,E,THS_T,EU27_2020,2023-Q1,38384.123,s
ESTAT:ENV_AC_AIGG_Q(1.0),15/11/23 11:00:00,Q,GHG,E,THS_T,EU27_2020,2023-Q2,38347.704,s
ESTAT:ENV_AC_AIGG_Q(1.0),15/11/23 11:00:00,Q,GHG,F,THS_T,EU27_2020,2010-Q1,12373.671,s
ESTAT:ENV_AC_AIGG_Q(1.0),15/11/23 11:00:00,Q,GHG,F,THS_T,EU27_2020,2010-Q2,13211.675,s
ESTAT:ENV_AC_AIGG_Q(1.0),15/11/23 11:00:00,Q,GHG,F,THS_T,EU27_2020,2010-Q3,13133.992,s
ESTAT:ENV_AC_AIGG_Q(1.0),15/11/23 11:00:00,Q,GHG,F,THS_T,EU27_2020,2010-Q4,14197.094,s
ESTAT:ENV_AC_AIGG_Q(1.0),15/11/23 11:00:00,Q,GHG,F,THS_T,EU27_2020,2011-Q1,13175.472,s
ESTAT:ENV_AC_AIGG_Q(1.0),15/11/23 11:00:00,Q,GHG,F,THS_T,EU27_2020,2011-Q2,13791.818,s
ESTAT:ENV_AC_AIGG_Q(1.0),15/11/23 11:00:00,Q,GHG,F,THS_T,EU27_2020,2011-Q3,13518.861,s
ESTAT:ENV_AC_AIGG_Q(1.0),15/11/23 11:00:00,Q,GHG,F,THS_T,EU27_2020,2011-Q4,14094.569,s
ESTAT:ENV_AC_AIGG_Q(1.0),15/11/23 11:00:00,Q,GHG,F,THS_T,EU27_2020,2012-Q1,12665.332,s
ESTAT:ENV_AC_AIGG_Q(1.0),15/11/23 11:00:00,Q,GHG,F,THS_T,EU27_2020,2012-Q2,13008.259,s
ESTAT:ENV_AC_AIGG_Q(1.0),15/11/23 11:00:00,Q,GHG,F,THS_T,EU27_2020,2012-Q3,12720.143,s
ESTAT:ENV_AC_AIGG_Q(1.0),15/11/23 11:00:00,Q,GHG,F,THS_T,EU27_2020,2012-Q4,13416.321,s
ESTAT:ENV_AC_AIGG_Q(1.0),15/11/23 11:00:00,Q,GHG,F,THS_T,EU27_2020,2013-Q1,12066.219,s
ESTAT:ENV_AC_AIGG_Q(1.0),15/11/23 11:00:00,Q,GHG,F,THS_T,EU27_2020,2013-Q2,12811.058,s
ESTAT:ENV_AC_AIGG_Q(1.0),15/11/23 11:00:00,Q,GHG,F,THS_T,EU27_2020,2013-Q3,12645.204,s
ESTAT:ENV_AC_AIGG_Q(1.0),15/11/23 11:00:00,Q,GHG,F,THS_T,EU27_2020,2013-Q4,13313.939,s
ESTAT:ENV_AC_AIGG_Q(1.0),15/11/23 11:00:00,Q,GHG,F,THS_T,EU27_2020,2014-Q1,12088.338,s
ESTAT:ENV_AC_AIGG_Q(1.0),15/11/23 11:00:00,Q,GHG,F,THS_T,EU27_2020,2014-Q2,12511.971,s
ESTAT:ENV_AC_AIGG_Q(1.0),15/11/23 11:00:00,Q,GHG,F,THS_T,EU27_2020,2014-Q3,12340.531,s
ESTAT:ENV_AC_AIGG_Q(1.0),15/11/23 11:00:00,Q,GHG,F,THS_T,EU27_2020,2014-Q4,13052.381,s
ESTAT:ENV_AC_AIGG_Q(1.0),15/11/23 11:00:00,Q,GHG,F,THS_T,EU27_2020,2015-Q1,12018.485,s
ESTAT:ENV_AC_AIGG_Q(1.0),15/11/23 11:00:00,Q,GHG,F,THS_T,EU27_2020,2015-Q2,12670.491,s
ESTAT:ENV_AC_AIGG_Q(1.0),15/11/23 11:00:00,Q,GHG,F,THS_T,EU27_2020,2015-Q3,12573.124,s
ESTAT:ENV_AC_AIGG_Q(1.0),15/11/23 11:00:00,Q,GHG,F,THS_T,EU27_2020,2015-Q4,13355.266,s
ESTAT:ENV_AC_AIGG_Q(1.0),15/11/23 11:00:00,Q,GHG,F,THS_T,EU27_2020,2016-Q1,12161.254,s
ESTAT:ENV_AC_AIGG_Q(1.0),15/11/23 11:00:00,Q,GHG,F,THS_T,EU27_2020,2016-Q2,12927.075,s
ESTAT:ENV_AC_AIGG_Q(1.0),15/11/23 11:00:00,Q,GHG,F,THS_T,EU27_2020,2016-Q3,12606.468,s
ESTAT:ENV_AC_AIGG_Q(1.0),15/11/23 11:00:00,Q,GHG,F,THS_T,EU27_2020,2016-Q4,13445.122,s
ESTAT:ENV_AC_AIGG_Q(1.0),15/11/23 11:00:00,Q,GHG,F,THS_T,EU27_2020,2017-Q1,12390.444,s
ESTAT:ENV_AC_AIGG_Q(1.0),15/11/23 11:00:00,Q,GHG,F,THS_T,EU27_2020,2017-Q2,12948.501,s
ESTAT:ENV_AC_AIGG_Q(1.0),15/11/23 11:00:00,Q,GHG,F,THS_T,EU27_2020,2017-Q3,12795.203,s
ESTAT:ENV_AC_AIGG_Q(1.0),15/11/23 11:00:00,Q,GHG,F,THS_T,EU27_2020,2017-Q4,13787.407,s
ESTAT:ENV_AC_AIGG_Q(1.0),15/11/23 11:00:00,Q,GHG,F,THS_T,EU27_2020,2018-Q1,12642.376,s
ESTAT:ENV_AC_AIGG_Q(1.0),15/11/23 11:00:00,Q,GHG,F,THS_T,EU27_2020,2018-Q2,13309.969,s
ESTAT:ENV_AC_AIGG_Q(1.0),15/11/23 11:00:00,Q,GHG,F,THS_T,EU27_2020,2018-Q3,13021.89,s
ESTAT:ENV_AC_AIGG_Q(1.0),15/11/23 11:00:00,Q,GHG,F,THS_T,EU27_2020,2018-Q4,13989.225,s
ESTAT:ENV_AC_AIGG_Q(1.0),15/11/23 11:00:00,Q,GHG,F,THS_T,EU27_2020,2019-Q1,12932.072,s
ESTAT:ENV_AC_AIGG_Q(1.0),15/11/23 11:00:00,Q,GHG,F,THS_T,EU27_2020,2019-Q2,13326.754,s
ESTAT:ENV_AC_AIGG_Q(1.0),15/11/23 11:00:00,Q,GHG,F,THS_T,EU27_2020,2019-Q3,13154.542,s
ESTAT:ENV_AC_AIGG_Q(1.0),15/11/23 11:00:00,Q,GHG,F,THS_T,EU27_2020,2019-Q4,13935.075,s
ESTAT:ENV_AC_AIGG_Q(1.0),15/11/23 11:00:00,Q,GHG,F,THS_T,EU27_2020,2020-Q1,12367.175,s
ESTAT:ENV_AC_AIGG_Q(1.0),15/11/23 11:00:00,Q,GHG,F,THS_T,EU27_2020,2020-Q2,11084.892,s
ESTAT:ENV_AC_AIGG_Q(1.0),15/11/23 11:00:00,Q,GHG,F,THS_T,EU27_2020,2020-Q3,12499.912,s
ESTAT:ENV_AC_AIGG_Q(1.0),15/11/23 11:00:00,Q,GHG,F,THS_T,EU27_2020,2020-Q4,13974.926,s
ESTAT:ENV_AC_AIGG_Q(1.0),15/11/23 11:00:00,Q,GHG,F,THS_T,EU27_2020,2021-Q1,12729.773,s
ESTAT:ENV_AC_AIGG_Q(1.0),15/11/23 11:00:00,Q,GHG,F,THS_T,EU27_2020,2021-Q2,13347.675,s
ESTAT:ENV_AC_AIGG_Q(1.0),15/11/23 11:00:00,Q,GHG,F,THS_T,EU27_2020,2021-Q3,13108.692,s
ESTAT:ENV_AC_AIGG_Q(1.0),15/11/23 11:00:00,Q,GHG,F,THS_T,EU27_2020,2021-Q4,14406.245,s
ESTAT:ENV_AC_AIGG_Q(1.0),15/11/23 11:00:00,Q,GHG,F,THS_T,EU27_2020,2022-Q1,13057.34,s
ESTAT:ENV_AC_AIGG_Q(1.0),15/11/23 11:00:00,Q,GHG,F,THS_T,EU27_2020,2022-Q2,13526.863,s
ESTAT:ENV_AC_AIGG_Q(1.0),15/11/23 11:00:00,Q,GHG,F,THS_T,EU27_2020,2022-Q3,13237.198,s
ESTAT:ENV_AC_AIGG_Q(1.0),15/11/23 11:00:00,Q,GHG,F,THS_T,EU27_2020,2022-Q4,14443.887,s
ESTAT:ENV_AC_AIGG_Q(1.0),15/11/23 11:00:00,Q,GHG,F,THS_T,EU27_2020,2023-Q1,13146.231,s
ESTAT:ENV_AC_AIGG_Q(1.0),15/11/23 11:00:00,Q,GHG,F,THS_T,EU27_2020,2023-Q2,13338.887,s
ESTAT:ENV_AC_AIGG_Q(1.0),15/11/23 11:00:00,Q,GHG,G-U_X_H,THS_T,EU27_2020,2010-Q1,71281.081,s
ESTAT:ENV_AC_AIGG_Q(1.0),15/11/23 11:00:00,Q,GHG,G-U_X_H,THS_T,EU27_2020,2010-Q2,72704.967,s
ESTAT:ENV_AC_AIGG_Q(1.0),15/11/23 11:00:00,Q,GHG,G-U_X_H,THS_T,EU27_2020,2010-Q3,71697.757,s
ESTAT:ENV_AC_AIGG_Q(1.0),15/11/23 11:00:00,Q,GHG,G-U_X_H,THS_T,EU27_2020,2010-Q4,73141.588,s
ESTAT:ENV_AC_AIGG_Q(1.0),15/11/23 11:00:00,Q,GHG,G-U_X_H,THS_T,EU27_2020,2011-Q1,67989.861,s
ESTAT:ENV_AC_AIGG_Q(1.0),15/11/23 11:00:00,Q,GHG,G-U_X_H,THS_T,EU27_2020,2011-Q2,68047.458,s
ESTAT:ENV_AC_AIGG_Q(1.0),15/11/23 11:00:00,Q,GHG,G-U_X_H,THS_T,EU27_2020,2011-Q3,66661.642,s
ESTAT:ENV_AC_AIGG_Q(1.0),15/11/23 11:00:00,Q,GHG,G-U_X_H,THS_T,EU27_2020,2011-Q4,67764.818,s
ESTAT:ENV_AC_AIGG_Q(1.0),15/11/23 11:00:00,Q,GHG,G-U_X_H,THS_T,EU27_2020,2012-Q1,64228.873,s
ESTAT:ENV_AC_AIGG_Q(1.0),15/11/23 11:00:00,Q,GHG,G-U_X_H,THS_T,EU27_2020,2012-Q2,65285.503,s
ESTAT:ENV_AC_AIGG_Q(1.0),15/11/23 11:00:00,Q,GHG,G-U_X_H,THS_T,EU27_2020,2012-Q3,65147.684,s
ESTAT:ENV_AC_AIGG_Q(1.0),15/11/23 11:00:00,Q,GHG,G-U_X_H,THS_T,EU27_2020,2012-Q4,67369.958,s
ESTAT:ENV_AC_AIGG_Q(1.0),15/11/23 11:00:00,Q,GHG,G-U_X_H,THS_T,EU27_2020,2013-Q1,64396.32,s
ESTAT:ENV_AC_AIGG_Q(1.0),15/11/23 11:00:00,Q,GHG,G-U_X_H,THS_T,EU27_2020,2013-Q2,66310.127,s
ESTAT:ENV_AC_AIGG_Q(1.0),15/11/23 11:00:00,Q,GHG,G-U_X_H,THS_T,EU27_2020,2013-Q3,65736.827,s
ESTAT:ENV_AC_AIGG_Q(1.0),15/11/23 11:00:00,Q,GHG,G-U_X_H,THS_T,EU27_2020,2013-Q4,66237.269,s
ESTAT:ENV_AC_AIGG_Q(1.0),15/11/23 11:00:00,Q,GHG,G-U_X_H,THS_T,EU27_2020,2014-Q1,60832.256,s
ESTAT:ENV_AC_AIGG_Q(1.0),15/11/23 11:00:00,Q,GHG,G-U_X_H,THS_T,EU27_2020,2014-Q2,61142.503,s
ESTAT:ENV_AC_AIGG_Q(1.0),15/11/23 11:00:00,Q,GHG,G-U_X_H,THS_T,EU27_2020,2014-Q3,60769.31,s
ESTAT:ENV_AC_AIGG_Q(1.0),15/11/23 11:00:00,Q,GHG,G-U_X_H,THS_T,EU27_2020,2014-Q4,62652.457,s
ESTAT:ENV_AC_AIGG_Q(1.0),15/11/23 11:00:00,Q,GHG,G-U_X_H,THS_T,EU27_2020,2015-Q1,60288.26,s
ESTAT:ENV_AC_AIGG_Q(1.0),15/11/23 11:00:00,Q,GHG,G-U_X_H,THS_T,EU27_2020,2015-Q2,62633.07,s
ESTAT:ENV_AC_AIGG_Q(1.0),15/11/23 11:00:00,Q,GHG,G-U_X_H,THS_T,EU27_2020,2015-Q3,63120.006,s
ESTAT:ENV_AC_AIGG_Q(1.0),15/11/23 11:00:00,Q,GHG,G-U_X_H,THS_T,EU27_2020,2015-Q4,65334.448,s
ESTAT:ENV_AC_AIGG_Q(1.0),15/11/23 11:00:00,Q,GHG,G-U_X_H,THS_T,EU27_2020,2016-Q1,61821.378,s
ESTAT:ENV_AC_AIGG_Q(1.0),15/11/23 11:00:00,Q,GHG,G-U_X_H,THS_T,EU27_2020,2016-Q2,63818.775,s
ESTAT:ENV_AC_AIGG_Q(1.0),15/11/23 11:00:00,Q,GHG,G-U_X_H,THS_T,EU27_2020,2016-Q3,63629.419,s
ESTAT:ENV_AC_AIGG_Q(1.0),15/11/23 11:00:00,Q,GHG,G-U_X_H,THS_T,EU27_2020,2016-Q4,65618.115,s
ESTAT:ENV_AC_AIGG_Q(1.0),15/11/23 11:00:00,Q,GHG,G-U_X_H,THS_T,EU27_2020,2017-Q1,62934.142,s
ESTAT:ENV_AC_AIGG_Q(1.0),15/11/23 11:00:00,Q,GHG,G-U_X_H,THS_T,EU27_2020,2017-Q2,64421.253,s
ESTAT:ENV_AC_AIGG_Q(1.0),15/11/23 11:00:00,Q,GHG,G-U_X_H,THS_T,EU27_2020,2017-Q3,64098.825,s
ESTAT:ENV_AC_AIGG_Q(1.0),15/11/23 11:00:00,Q,GHG,G-U_X_H,THS_T,EU27_2020,2017-Q4,65541.409,s
ESTAT:ENV_AC_AIGG_Q(1.0),15/11/23 11:00:00,Q,GHG,G-U_X_H,THS_T,EU27_2020,2018-Q1,61706.32,s
ESTAT:ENV_AC_AIGG_Q(1.0),15/11/23 11:00:00,Q,GHG,G-U_X_H,THS_T,EU27_2020,2018-Q2,63216.763,s
ESTAT:ENV_AC_AIGG_Q(1.0),15/11/23 11:00:00,Q,GHG,G-U_X_H,THS_T,EU27_2020,2018-Q3,63325.197,s
ESTAT:ENV_AC_AIGG_Q(1.0),15/11/23 11:00:00,Q,GHG,G-U_X_H,THS_T,EU27_2020,2018-Q4,66387.4,s
ESTAT:ENV_AC_AIGG_Q(1.0),15/11/23 11:00:00,Q,GHG,G-U_X_H,THS_T,EU27_2020,2019-Q1,64922.449,s
ESTAT:ENV_AC_AIGG_Q(1.0),15/11/23 11:00:00,Q,GHG,G-U_X_H,THS_T,EU27_2020,2019-Q2,67360.613,s
ESTAT:ENV_AC_AIGG_Q(1.0),15/11/23 11:00:00,Q,GHG,G-U_X_H,THS_T,EU27_2020,2019-Q3,68195.62,s
ESTAT:ENV_AC_AIGG_Q(1.0),15/11/23 11:00:00,Q,GHG,G-U_X_H,THS_T,EU27_2020,2019-Q4,69950.705,s
ESTAT:ENV_AC_AIGG_Q(1.0),15/11/23 11:00:00,Q,GHG,G-U_X_H,THS_T,EU27_2020,2020-Q1,63818.579,s
ESTAT:ENV_AC_AIGG_Q(1.0),15/11/23 11:00:00,Q,GHG,G-U_X_H,THS_T,EU27_2020,2020-Q2,57849.765,s
ESTAT:ENV_AC_AIGG_Q(1.0),15/11/23 11:00:00,Q,GHG,G-U_X_H,THS_T,EU27_2020,2020-Q3,63064.91,s
ESTAT:ENV_AC_AIGG_Q(1.0),15/11/23 11:00:00,Q,GHG,G-U_X_H,THS_T,EU27_2020,2020-Q4,64314.714,s
ESTAT:ENV_AC_AIGG_Q(1.0),15/11/23 11:00:00,Q,GHG,G-U_X_H,THS_T,EU27_2020,2021-Q1,61335.523,s
ESTAT:ENV_AC_AIGG_Q(1.0),15/11/23 11:00:00,Q,GHG,G-U_X_H,THS_T,EU27_2020,2021-Q2,63684.558,s
ESTAT:ENV_AC_AIGG_Q(1.0),15/11/23 11:00:00,Q,GHG,G-U_X_H,THS_T,EU27_2020,2021-Q3,65657.438,s
ESTAT:ENV_AC_AIGG_Q(1.0),15/11/23 11:00:00,Q,GHG,G-U_X_H,THS_T,EU27_2020,2021-Q4,67941.366,s
ESTAT:ENV_AC_AIGG_Q(1.0),15/11/23 11:00:00,Q,GHG,G-U_X_H,THS_T,EU27_2020,2022-Q1,64713.739,s
ESTAT:ENV_AC_AIGG_Q(1.0),15/11/23 11:00:00,Q,GHG,G-U_X_H,THS_T,EU27_2020,2022-Q2,66819.256,s
ESTAT:ENV_AC_AIGG_Q(1.0),15/11/23 11:00:00,Q,GHG,G-U_X_H,THS_T,EU27_2020,2022-Q3,67855.085,s
ESTAT:ENV_AC_AIGG_Q(1.0),15/11/23 11:00:00,Q,GHG,G-U_X_H,THS_T,EU27_2020,2022-Q4,69086.804,s
ESTAT:ENV_AC_AIGG_Q(1.0),15/11/23 11:00:00,Q,GHG,G-U_X_H,THS_T,EU27_2020,2023-Q1,65894.434,s
ESTAT:ENV_AC_AIGG_Q(1.0),15/11/23 11:00:00,Q,GHG,G-U_X_H,THS_T,EU27_2020,2023-Q2,66897.829,s
ESTAT:ENV_AC_AIGG_Q(1.0),15/11/23 11:00:00,Q,GHG,H,THS_T,EU27_2020,2010-Q1,102555.616,s
ESTAT:ENV_AC_AIGG_Q(1.0),15/11/23 11:00:00,Q,GHG,H,THS_T,EU27_2020,2010-Q2,106778.28,s
ESTAT:ENV_AC_AIGG_Q(1.0),15/11/23 11:00:00,Q,GHG,H,THS_T,EU27_2020,2010-Q3,110358.727,s
ESTAT:ENV_AC_AIGG_Q(1.0),15/11/23 11:00:00,Q,GHG,H,THS_T,EU27_2020,2010-Q4,106268.439,s
ESTAT:ENV_AC_AIGG_Q(1.0),15/11/23 11:00:00,Q,GHG,H,THS_T,EU27_2020,2011-Q1,101040.24,s
ESTAT:ENV_AC_AIGG_Q(1.0),15/11/23 11:00:00,Q,GHG,H,THS_T,EU27_2020,2011-Q2,105273.37,s
ESTAT:ENV_AC_AIGG_Q(1.0),15/11/23 11:00:00,Q,GHG,H,THS_T,EU27_2020,2011-Q3,108729.951,s
ESTAT:ENV_AC_AIGG_Q(1.0),15/11/23 11:00:00,Q,GHG,H,THS_T,EU27_2020,2011-Q4,105171.422,s
ESTAT:ENV_AC_AIGG_Q(1.0),15/11/23 11:00:00,Q,GHG,H,THS_T,EU27_2020,2012-Q1,101319.208,s
ESTAT:ENV_AC_AIGG_Q(1.0),15/11/23 11:00:00,Q,GHG,H,THS_T,EU27_2020,2012-Q2,104796.56,s
ESTAT:ENV_AC_AIGG_Q(1.0),15/11/23 11:00:00,Q,GHG,H,THS_T,EU27_2020,2012-Q3,105612.981,s
ESTAT:ENV_AC_AIGG_Q(1.0),15/11/23 11:00:00,Q,GHG,H,THS_T,EU27_2020,2012-Q4,102897.693,s
ESTAT:ENV_AC_AIGG_Q(1.0),15/11/23 11:00:00,Q,GHG,H,THS_T,EU27_2020,2013-Q1,97657.946,s
ESTAT:ENV_AC_AIGG_Q(1.0),15/11/23 11:00:00,Q,GHG,H,THS_T,EU27_2020,2013-Q2,102820.677,s
ESTAT:ENV_AC_AIGG_Q(1.0),15/11/23 11:00:00,Q,GHG,H,THS_T,EU27_2020,2013-Q3,103270.095,s
ESTAT:ENV_AC_AIGG_Q(1.0),15/11/23 11:00:00,Q,GHG,H,THS_T,EU27_2020,2013-Q4,98521.174,s
ESTAT:ENV_AC_AIGG_Q(1.0),15/11/23 11:00:00,Q,GHG,H,THS_T,EU27_2020,2014-Q1,93948.15,s
ESTAT:ENV_AC_AIGG_Q(1.0),15/11/23 11:00:00,Q,GHG,H,THS_T,EU27_2020,2014-Q2,97086.719,s
ESTAT:ENV_AC_AIGG_Q(1.0),15/11/23 11:00:00,Q,GHG,H,THS_T,EU27_2020,2014-Q3,99754.281,s
ESTAT:ENV_AC_AIGG_Q(1.0),15/11/23 11:00:00,Q,GHG,H,THS_T,EU27_2020,2014-Q4,98590.509,s
ESTAT:ENV_AC_AIGG_Q(1.0),15/11/23 11:00:00,Q,GHG,H,THS_T,EU27_2020,2015-Q1,98739.583,s
ESTAT:ENV_AC_AIGG_Q(1.0),15/11/23 11:00:00,Q,GHG,H,THS_T,EU27_2020,2015-Q2,105044.984,s
ESTAT:ENV_AC_AIGG_Q(1.0),15/11/23 11:00:00,Q,GHG,H,THS_T,EU27_2020,2015-Q3,106574.384,s
ESTAT:ENV_AC_AIGG_Q(1.0),15/11/23 11:00:00,Q,GHG,H,THS_T,EU27_2020,2015-Q4,105477.195,s
ESTAT:ENV_AC_AIGG_Q(1.0),15/11/23 11:00:00,Q,GHG,H,THS_T,EU27_2020,2016-Q1,102772.924,s
ESTAT:ENV_AC_AIGG_Q(1.0),15/11/23 11:00:00,Q,GHG,H,THS_T,EU27_2020,2016-Q2,105795.831,s
ESTAT:ENV_AC_AIGG_Q(1.0),15/11/23 11:00:00,Q,GHG,H,THS_T,EU27_2020,2016-Q3,109201.845,s
ESTAT:ENV_AC_AIGG_Q(1.0),15/11/23 11:00:00,Q,GHG,H,THS_T,EU27_2020,2016-Q4,105731.653,s
ESTAT:ENV_AC_AIGG_Q(1.0),15/11/23 11:00:00,Q,GHG,H,THS_T,EU27_2020,2017-Q1,105881.855,s
ESTAT:ENV_AC_AIGG_Q(1.0),15/11/23 11:00:00,Q,GHG,H,THS_T,EU27_2020,2017-Q2,112686.155,s
ESTAT:ENV_AC_AIGG_Q(1.0),15/11/23 11:00:00,Q,GHG,H,THS_T,EU27_2020,2017-Q3,115765.417,s
ESTAT:ENV_AC_AIGG_Q(1.0),15/11/23 11:00:00,Q,GHG,H,THS_T,EU27_2020,2017-Q4,113271.269,s
ESTAT:ENV_AC_AIGG_Q(1.0),15/11/23 11:00:00,Q,GHG,H,THS_T,EU27_2020,2018-Q1,110469.674,s
ESTAT:ENV_AC_AIGG_Q(1.0),15/11/23 11:00:00,Q,GHG,H,THS_T,EU27_2020,2018-Q2,116918.471,s
ESTAT:ENV_AC_AIGG_Q(1.0),15/11/23 11:00:00,Q,GHG,H,THS_T,EU27_2020,2018-Q3,118315.78,s
ESTAT:ENV_AC_AIGG_Q(1.0),15/11/23 11:00:00,Q,GHG,H,THS_T,EU27_2020,2018-Q4,114540.98,s
ESTAT:ENV_AC_AIGG_Q(1.0),15/11/23 11:00:00,Q,GHG,H,THS_T,EU27_2020,2019-Q1,107051.145,s
ESTAT:ENV_AC_AIGG_Q(1.0),15/11/23 11:00:00,Q,GHG,H,THS_T,EU27_2020,2019-Q2,115160.024,s
ESTAT:ENV_AC_AIGG_Q(1.0),15/11/23 11:00:00,Q,GHG,H,THS_T,EU27_2020,2019-Q3,118836.279,s
ESTAT:ENV_AC_AIGG_Q(1.0),15/11/23 11:00:00,Q,GHG,H,THS_T,EU27_2020,2019-Q4,110524.521,s
ESTAT:ENV_AC_AIGG_Q(1.0),15/11/23 11:00:00,Q,GHG,H,THS_T,EU27_2020,2020-Q1,98384.772,s
ESTAT:ENV_AC_AIGG_Q(1.0),15/11/23 11:00:00,Q,GHG,H,THS_T,EU27_2020,2020-Q2,70818.55,s
ESTAT:ENV_AC_AIGG_Q(1.0),15/11/23 11:00:00,Q,GHG,H,THS_T,EU27_2020,2020-Q3,89800.321,s
ESTAT:ENV_AC_AIGG_Q(1.0),15/11/23 11:00:00,Q,GHG,H,THS_T,EU27_2020,2020-Q4,84025.453,s
ESTAT:ENV_AC_AIGG_Q(1.0),15/11/23 11:00:00,Q,GHG,H,THS_T,EU27_2020,2021-Q1,76924.86,s
ESTAT:ENV_AC_AIGG_Q(1.0),15/11/23 11:00:00,Q,GHG,H,THS_T,EU27_2020,2021-Q2,86658.808,s
ESTAT:ENV_AC_AIGG_Q(1.0),15/11/23 11:00:00,Q,GHG,H,THS_T,EU27_2020,2021-Q3,100182.229,s
ESTAT:ENV_AC_AIGG_Q(1.0),15/11/23 11:00:00,Q,GHG,H,THS_T,EU27_2020,2021-Q4,95356.593,s
ESTAT:ENV_AC_AIGG_Q(1.0),15/11/23 11:00:00,Q,GHG,H,THS_T,EU27_2020,2022-Q1,89892.871,s
ESTAT:ENV_AC_AIGG_Q(1.0),15/11/23 11:00:00,Q,GHG,H,THS_T,EU27_2020,2022-Q2,103053.654,s
ESTAT:ENV_AC_AIGG_Q(1.0),15/11/23 11:00:00,Q,GHG,H,THS_T,EU27_2020,2022-Q3,108987.859,s
ESTAT:ENV_AC_AIGG_Q(1.0),15/11/23 11:00:00,Q,GHG,H,THS_T,EU27_2020,2022-Q4,101925.167,s
ESTAT:ENV_AC_AIGG_Q(1.0),15/11/23 11:00:00,Q,GHG,H,THS_T,EU27_2020,2023-Q1,96374.223,s
ESTAT:ENV_AC_AIGG_Q(1.0),15/11/23 11:00:00,Q,GHG,H,THS_T,EU27_2020,2023-Q2,104843.691,s
ESTAT:ENV_AC_AIGG_Q(1.0),15/11/23 11:00:00,Q,GHG,HH,THS_T,EU27_2020,2010-Q1,284771.839,s
ESTAT:ENV_AC_AIGG_Q(1.0),15/11/23 11:00:00,Q,GHG,HH,THS_T,EU27_2020,2010-Q2,171524.418,s
ESTAT:ENV_AC_AIGG_Q(1.0),15/11/23 11:00:00,Q,GHG,HH,THS_T,EU27_2020,2010-Q3,138043.325,s
ESTAT:ENV_AC_AIGG_Q(1.0),15/11/23 11:00:00,Q,GHG,HH,THS_T,EU27_2020,2010-Q4,266885.756,s
ESTAT:ENV_AC_AIGG_Q(1.0),15/11/23 11:00:00,Q,GHG,HH,THS_T,EU27_2020,2011-Q1,282217.795,s
ESTAT:ENV_AC_AIGG_Q(1.0),15/11/23 11:00:00,Q,GHG,HH,THS_T,EU27_2020,2011-Q2,153532.481,s
ESTAT:ENV_AC_AIGG_Q(1.0),15/11/23 11:00:00,Q,GHG,HH,THS_T,EU27_2020,2011-Q3,132401.406,s
ESTAT:ENV_AC_AIGG_Q(1.0),15/11/23 11:00:00,Q,GHG,HH,THS_T,EU27_2020,2011-Q4,239877.981,s
ESTAT:ENV_AC_AIGG_Q(1.0),15/11/23 11:00:00,Q,GHG,HH,THS_T,EU27_2020,2012-Q1,278405.718,s
ESTAT:ENV_AC_AIGG_Q(1.0),15/11/23 11:00:00,Q,GHG,HH,THS_T,EU27_2020,2012-Q2,163587.252,s
ESTAT:ENV_AC_AIGG_Q(1.0),15/11/23 11:00:00,Q,GHG,HH,THS_T,EU27_2020,2012-Q3,128784.323,s
ESTAT:ENV_AC_AIGG_Q(1.0),15/11/23 11:00:00,Q,GHG,HH,THS_T,EU27_2020,2012-Q4,232306.148,s
ESTAT:ENV_AC_AIGG_Q(1.0),15/11/23 11:00:00,Q,GHG,HH,THS_T,EU27_2020,2013-Q1,277725.172,s
ESTAT:ENV_AC_AIGG_Q(1.0),15/11/23 11:00:00,Q,GHG,HH,THS_T,EU27_2020,2013-Q2,167281.106,s
ESTAT:ENV_AC_AIGG_Q(1.0),15/11/23 11:00:00,Q,GHG,HH,THS_T,EU27_2020,2013-Q3,130078.235,s
ESTAT:ENV_AC_AIGG_Q(1.0),15/11/23 11:00:00,Q,GHG,HH,THS_T,EU27_2020,2013-Q4,229739.138,s
ESTAT:ENV_AC_AIGG_Q(1.0),15/11/23 11:00:00,Q,GHG,HH,THS_T,EU27_2020,2014-Q1,246925.719,s
ESTAT:ENV_AC_AIGG_Q(1.0),15/11/23 11:00:00,Q,GHG,HH,THS_T,EU27_2020,2014-Q2,158254.615,s
ESTAT:ENV_AC_AIGG_Q(1.0),15/11/23 11:00:00,Q,GHG,HH,THS_T,EU27_2020,2014-Q3,131957.702,s
ESTAT:ENV_AC_AIGG_Q(1.0),15/11/23 11:00:00,Q,GHG,HH,THS_T,EU27_2020,2014-Q4,224580.765,s
ESTAT:ENV_AC_AIGG_Q(1.0),15/11/23 11:00:00,Q,GHG,HH,THS_T,EU27_2020,2015-Q1,263347.762,s
ESTAT:ENV_AC_AIGG_Q(1.0),15/11/23 11:00:00,Q,GHG,HH,THS_T,EU27_2020,2015-Q2,164052.718,s
ESTAT:ENV_AC_AIGG_Q(1.0),15/11/23 11:00:00,Q,GHG,HH,THS_T,EU27_2020,2015-Q3,136128.232,s
ESTAT:ENV_AC_AIGG_Q(1.0),15/11/23 11:00:00,Q,GHG,HH,THS_T,EU27_2020,2015-Q4,222551.241,s
ESTAT:ENV_AC_AIGG_Q(1.0),15/11/23 11:00:00,Q,GHG,HH,THS_T,EU27_2020,2016-Q1,260540.687,s
ESTAT:ENV_AC_AIGG_Q(1.0),15/11/23 11:00:00,Q,GHG,HH,THS_T,EU27_2020,2016-Q2,163998.019,s
ESTAT:ENV_AC_AIGG_Q(1.0),15/11/23 11:00:00,Q,GHG,HH,THS_T,EU27_2020,2016-Q3,131897.844,s
ESTAT:ENV_AC_AIGG_Q(1.0),15/11/23 11:00:00,Q,GHG,HH,THS_T,EU27_2020,2016-Q4,243689.875,s
ESTAT:ENV_AC_AIGG_Q(1.0),15/11/23 11:00:00,Q,GHG,HH,THS_T,EU27_2020,2017-Q1,262343.347,s
ESTAT:ENV_AC_AIGG_Q(1.0),15/11/23 11:00:00,Q,GHG,HH,THS_T,EU27_2020,2017-Q2,163603.213,s
ESTAT:ENV_AC_AIGG_Q(1.0),15/11/23 11:00:00,Q,GHG,HH,THS_T,EU27_2020,2017-Q3,137129.556,s
ESTAT:ENV_AC_AIGG_Q(1.0),15/11/23 11:00:00,Q,GHG,HH,THS_T,EU27_2020,2017-Q4,233990.947,s
ESTAT:ENV_AC_AIGG_Q(1.0),15/11/23 11:00:00,Q,GHG,HH,THS_T,EU27_2020,2018-Q1,276569.524,s
ESTAT:ENV_AC_AIGG_Q(1.0),15/11/23 11:00:00,Q,GHG,HH,THS_T,EU27_2020,2018-Q2,147418.073,s
ESTAT:ENV_AC_AIGG_Q(1.0),15/11/23 11:00:00,Q,GHG,HH,THS_T,EU27_2020,2018-Q3,130893.186,s
ESTAT:ENV_AC_AIGG_Q(1.0),15/11/23 11:00:00,Q,GHG,HH,THS_T,EU27_2020,2018-Q4,228427.344,s
ESTAT:ENV_AC_AIGG_Q(1.0),15/11/23 11:00:00,Q,GHG,HH,THS_T,EU27_2020,2019-Q1,254557.557,s
ESTAT:ENV_AC_AIGG_Q(1.0),15/11/23 11:00:00,Q,GHG,HH,THS_T,EU27_2020,2019-Q2,166321.953,s
ESTAT:ENV_AC_AIGG_Q(1.0),15/11/23 11:00:00,Q,GHG,HH,THS_T,EU27_2020,2019-Q3,132433.18,s
ESTAT:ENV_AC_AIGG_Q(1.0),15/11/23 11:00:00,Q,GHG,HH,THS_T,EU27_2020,2019-Q4,223725.458,s
ESTAT:ENV_AC_AIGG_Q(1.0),15/11/23 11:00:00,Q,GHG,HH,THS_T,EU27_2020,2020-Q1,244673.66,s
ESTAT:ENV_AC_AIGG_Q(1.0),15/11/23 11:00:00,Q,GHG,HH,THS_T,EU27_2020,2020-Q2,128411.405,s
ESTAT:ENV_AC_AIGG_Q(1.0),15/11/23 11:00:00,Q,GHG,HH,THS_T,EU27_2020,2020-Q3,119889.136,s
ESTAT:ENV_AC_AIGG_Q(1.0),15/11/23 11:00:00,Q,GHG,HH,THS_T,EU27_2020,2020-Q4,213689.353,s
ESTAT:ENV_AC_AIGG_Q(1.0),15/11/23 11:00:00,Q,GHG,HH,THS_T,EU27_2020,2021-Q1,240348.451,s
ESTAT:ENV_AC_AIGG_Q(1.0),15/11/23 11:00:00,Q,GHG,HH,THS_T,EU27_2020,2021-Q2,158360.782,s
ESTAT:ENV_AC_AIGG_Q(1.0),15/11/23 11:00:00,Q,GHG,HH,THS_T,EU27_2020,2021-Q3,122800.62,s
ESTAT:ENV_AC_AIGG_Q(1.0),15/11/23 11:00:00,Q,GHG,HH,THS_T,EU27_2020,2021-Q4,218435.617,s
ESTAT:ENV_AC_AIGG_Q(1.0),15/11/23 11:00:00,Q,GHG,HH,THS_T,EU27_2020,2022-Q1,234010.472,s
ESTAT:ENV_AC_AIGG_Q(1.0),15/11/23 11:00:00,Q,GHG,HH,THS_T,EU27_2020,2022-Q2,146468.123,s
ESTAT:ENV_AC_AIGG_Q(1.0),15/11/23 11:00:00,Q,GHG,HH,THS_T,EU27_2020,2022-Q3,122527.02,s
ESTAT:ENV_AC_AIGG_Q(1.0),15/11/23 11:00:00,Q,GHG,HH,THS_T,EU27_2020,2022-Q4,198384.755,s
ESTAT:ENV_AC_AIGG_Q(1.0),15/11/23 11:00:00,Q,GHG,HH,THS_T,EU27_2020,2023-Q1,227889.836,s
ESTAT:ENV_AC_AIGG_Q(1.0),15/11/23 11:00:00,Q,GHG,HH,THS_T,EU27_2020,2023-Q2,146952.982,s
ESTAT:ENV_AC_AIGG_Q(1.0),15/11/23 11:00:00,Q,GHG,TOTAL_HH,THS_T,EU27_2020,2010-Q1,1177104.686,s
ESTAT:ENV_AC_AIGG_Q(1.0),15/11/23 11:00:00,Q,GHG,TOTAL_HH,THS_T,EU27_2020,2010-Q2,1030526.699,s
ESTAT:ENV_AC_AIGG_Q(1.0),15/11/23 11:00:00,Q,GHG,TOTAL_HH,THS_T,EU27_2020,2010-Q3,999880.943,s
ESTAT:ENV_AC_AIGG_Q(1.0),15/11/23 11:00:00,Q,GHG,TOTAL_HH,THS_T,EU27_2020,2010-Q4,1189369.913,s
ESTAT:ENV_AC_AIGG_Q(1.0),15/11/23 11:00:00,Q,GHG,TOTAL_HH,THS_T,EU27_2020,2011-Q1,1168345.642,s
ESTAT:ENV_AC_AIGG_Q(1.0),15/11/23 11:00:00,Q,GHG,TOTAL_HH,THS_T,EU27_2020,2011-Q2,1004956.206,s
ESTAT:ENV_AC_AIGG_Q(1.0),15/11/23 11:00:00,Q,GHG,TOTAL_HH,THS_T,EU27_2020,2011-Q3,980183.111,s
ESTAT:ENV_AC_AIGG_Q(1.0),15/11/23 11:00:00,Q,GHG,TOTAL_HH,THS_T,EU27_2020,2011-Q4,1134452.808,s
ESTAT:ENV_AC_AIGG_Q(1.0),15/11/23 11:00:00,Q,GHG,TOTAL_HH,THS_T,EU27_2020,2012-Q1,1158843.274,s
ESTAT:ENV_AC_AIGG_Q(1.0),15/11/23 11:00:00,Q,GHG,TOTAL_HH,THS_T,EU27_2020,2012-Q2,991470.55,s
ESTAT:ENV_AC_AIGG_Q(1.0),15/11/23 11:00:00,Q,GHG,TOTAL_HH,THS_T,EU27_2020,2012-Q3,961709.794,s
ESTAT:ENV_AC_AIGG_Q(1.0),15/11/23 11:00:00,Q,GHG,TOTAL_HH,THS_T,EU27_2020,2012-Q4,1102251.794,s
ESTAT:ENV_AC_AIGG_Q(1.0),15/11/23 11:00:00,Q,GHG,TOTAL_HH,THS_T,EU27_2020,2013-Q1,1121185.108,s
ESTAT:ENV_AC_AIGG_Q(1.0),15/11/23 11:00:00,Q,GHG,TOTAL_HH,THS_T,EU27_2020,2013-Q2,965895.954,s
ESTAT:ENV_AC_AIGG_Q(1.0),15/11/23 11:00:00,Q,GHG,TOTAL_HH,THS_T,EU27_2020,2013-Q3,945517.304,s
ESTAT:ENV_AC_AIGG_Q(1.0),15/11/23 11:00:00,Q,GHG,TOTAL_HH,THS_T,EU27_2020,2013-Q4,1080863.139,s
ESTAT:ENV_AC_AIGG_Q(1.0),15/11/23 11:00:00,Q,GHG,TOTAL_HH,THS_T,EU27_2020,2014-Q1,1047581.619,s
ESTAT:ENV_AC_AIGG_Q(1.0),15/11/23 11:00:00,Q,GHG,TOTAL_HH,THS_T,EU27_2020,2014-Q2,936357.676,s
ESTAT:ENV_AC_AIGG_Q(1.0),15/11/23 11:00:00,Q,GHG,TOTAL_HH,THS_T,EU27_2020,2014-Q3,921848.054,s
ESTAT:ENV_AC_AIGG_Q(1.0),15/11/23 11:00:00,Q,GHG,TOTAL_HH,THS_T,EU27_2020,2014-Q4,1057043.215,s
ESTAT:ENV_AC_AIGG_Q(1.0),15/11/23 11:00:00,Q,GHG,TOTAL_HH,THS_T,EU27_2020,2015-Q1,1075013.256,s
ESTAT:ENV_AC_AIGG_Q(1.0),15/11/23 11:00:00,Q,GHG,TOTAL_HH,THS_T,EU27_2020,2015-Q2,943622.291,s
ESTAT:ENV_AC_AIGG_Q(1.0),15/11/23 11:00:00,Q,GHG,TOTAL_HH,THS_T,EU27_2020,2015-Q3,944896.481,s
ESTAT:ENV_AC_AIGG_Q(1.0),15/11/23 11:00:00,Q,GHG,TOTAL_HH,THS_T,EU27_2020,2015-Q4,1064550.564,s
ESTAT:ENV_AC_AIGG_Q(1.0),15/11/23 11:00:00,Q,GHG,TOTAL_HH,THS_T,EU27_2020,2016-Q1,1065634.847,s
ESTAT:ENV_AC_AIGG_Q(1.0),15/11/23 11:00:00,Q,GHG,TOTAL_HH,THS_T,EU27_2020,2016-Q2,944509.317,s
ESTAT:ENV_AC_AIGG_Q(1.0),15/11/23 11:00:00,Q,GHG,TOTAL_HH,THS_T,EU27_2020,2016-Q3,927404.117,s
ESTAT:ENV_AC_AIGG_Q(1.0),15/11/23 11:00:00,Q,GHG,TOTAL_HH,THS_T,EU27_2020,2016-Q4,1095806.534,s
ESTAT:ENV_AC_AIGG_Q(1.0),15/11/23 11:00:00,Q,GHG,TOTAL_HH,THS_T,EU27_2020,2017-Q1,1099235.183,s
ESTAT:ENV_AC_AIGG_Q(1.0),15/11/23 11:00:00,Q,GHG,TOTAL_HH,THS_T,EU27_2020,2017-Q2,961576.592,s
ESTAT:ENV_AC_AIGG_Q(1.0),15/11/23 11:00:00,Q,GHG,TOTAL_HH,THS_T,EU27_2020,2017-Q3,938948.146,s
ESTAT:ENV_AC_AIGG_Q(1.0),15/11/23 11:00:00,Q,GHG,TOTAL_HH,THS_T,EU27_2020,2017-Q4,1074433.272,s
ESTAT:ENV_AC_AIGG_Q(1.0),15/11/23 11:00:00,Q,GHG,TOTAL_HH,THS_T,EU27_2020,2018-Q1,1088251.58,s
ESTAT:ENV_AC_AIGG_Q(1.0),15/11/23 11:00:00,Q,GHG,TOTAL_HH,THS_T,EU27_2020,2018-Q2,927010.124,s
ESTAT:ENV_AC_AIGG_Q(1.0),15/11/23 11:00:00,Q,GHG,TOTAL_HH,THS_T,EU27_2020,2018-Q3,933092.419,s
ESTAT:ENV_AC_AIGG_Q(1.0),15/11/23 11:00:00,Q,GHG,TOTAL_HH,THS_T,EU27_2020,2018-Q4,1056601.917,s
ESTAT:ENV_AC_AIGG_Q(1.0),15/11/23 11:00:00,Q,GHG,TOTAL_HH,THS_T,EU27_2020,2019-Q1,1038876.2,s
ESTAT:ENV_AC_AIGG_Q(1.0),15/11/23 11:00:00,Q,GHG,TOTAL_HH,THS_T,EU27_2020,2019-Q2,916858.506,s
ESTAT:ENV_AC_AIGG_Q(1.0),15/11/23 11:00:00,Q,GHG,TOTAL_HH,THS_T,EU27_2020,2019-Q3,893395.007,s
ESTAT:ENV_AC_AIGG_Q(1.0),15/11/23 11:00:00,Q,GHG,TOTAL_HH,THS_T,EU27_2020,2019-Q4,998991.981,s
ESTAT:ENV_AC_AIGG_Q(1.0),15/11/23 11:00:00,Q,GHG,TOTAL_HH,THS_T,EU27_2020,2020-Q1,960994.808,s
ESTAT:ENV_AC_AIGG_Q(1.0),15/11/23 11:00:00,Q,GHG,TOTAL_HH,THS_T,EU27_2020,2020-Q2,740469.641,s
ESTAT:ENV_AC_AIGG_Q(1.0),15/11/23 11:00:00,Q,GHG,TOTAL_HH,THS_T,EU27_2020,2020-Q3,818413.688,s
ESTAT:ENV_AC_AIGG_Q(1.0),15/11/23 11:00:00,Q,GHG,TOTAL_HH,THS_T,EU27_2020,2020-Q4,947482.768,s
ESTAT:ENV_AC_AIGG_Q(1.0),15/11/23 11:00:00,Q,GHG,TOTAL_HH,THS_T,EU27_2020,2021-Q1,945611.185,s
ESTAT:ENV_AC_AIGG_Q(1.0),15/11/23 11:00:00,Q,GHG,TOTAL_HH,THS_T,EU27_2020,2021-Q2,853275.128,s
ESTAT:ENV_AC_AIGG_Q(1.0),15/11/23 11:00:00,Q,GHG,TOTAL_HH,THS_T,EU27_2020,2021-Q3,840380.173,s
ESTAT:ENV_AC_AIGG_Q(1.0),15/11/23 11:00:00,Q,GHG,TOTAL_HH,THS_T,EU27_2020,2021-Q4,983412.637,s
ESTAT:ENV_AC_AIGG_Q(1.0),15/11/23 11:00:00,Q,GHG,TOTAL_HH,THS_T,EU27_2020,2022-Q1,966202.039,s
ESTAT:ENV_AC_AIGG_Q(1.0),15/11/23 11:00:00,Q,GHG,TOTAL_HH,THS_T,EU27_2020,2022-Q2,867056.421,s
ESTAT:ENV_AC_AIGG_Q(1.0),15/11/23 11:00:00,Q,GHG,TOTAL_HH,THS_T,EU27_2020,2022-Q3,854340.393,s
ESTAT:ENV_AC_AIGG_Q(1.0),15/11/23 11:00:00,Q,GHG,TOTAL_HH,THS_T,EU27_2020,2022-Q4,941837.262,s
ESTAT:ENV_AC_AIGG_Q(1.0),15/11/23 11:00:00,Q,GHG,TOTAL_HH,THS_T,EU27_2020,2023-Q1,935642.488,s
ESTAT:ENV_AC_AIGG_Q(1.0),15/11/23 11:00:00,Q,GHG,TOTAL_HH,THS_T,EU27_2020,2023-Q2,820757.045,s
